Year,1992,1992,1992,1992,1992,1992,1992,1992,1992,1992,1992,1992,1993,1993,1993,1993,1993,1993,1993,1993,1993,1993,1993,1993,1994,1994,1994,1994,1994,1994,1994,1994,1994,1994,1994,1994,1995,1995,1995,1995,1995,1995,1995,1995,1995,1995,1995,1995,1996,1996,1996,1996,1996,1996,1996,1996,1996,1996,1996,1996,1997,1997,1997,1997,1997,1997,1997,1997,1997,1997,1997,1997,1998,1998,1998,1998,1998,1998,1998,1998,1998,1998,1998,1998,1999,1999,1999,1999,1999,1999,1999,1999,1999,1999,1999,1999,2000,2000,2000,2000,2000,2000,2000,2000,2000,2000,2000,2000,2001,2001,2001,2001,2001,2001,2001,2001,2001,2001,2001,2001,2002,2002,2002,2002,2002,2002,2002,2002,2002,2002,2002,2002,2003,2003,2003,2003,2003,2003,2003,2003,2003,2003,2003,2003,2004,2004,2004,2004,2004,2004,2004,2004,2004,2004,2004,2004,2005,2005,2005,2005,2005,2005,2005,2005,2005,2005,2005,2005,2006,2006,2006,2006,2006,2006,2006,2006,2006,2006,2006,2006,2007,2007,2007,2007,2007,2007,2007,2007,2007,2007,2007,2007,2008,2008,2008,2008,2008,2008,2008,2008,2008,2008,2008,2008,2009,2009,2009,2009,2009,2009,2009,2009,2009,2009,2009,2009,2010,2010,2010,2010,2010,2010,2010,2010,2010,2010,2010,2010,2011,2011,2011,2011,2011,2011,2011,2011,2011,2011,2011,2011,2012,2012,2012,2012,2012,2012,2012,2012,2012,2012,2012,2012,2013,2013,2013,2013,2013,2013,2013,2013,2013,2013,2013,2013,2014,2014,2014,2014,2014,2014,2014,2014,2014,2014,2014,2014,2015,2015,2015,2015,2015,2015,2015,2015,2015,2015,2015,2015,2016,2016,2016,2016,2016,2016,2016,2016,2016,2016,2016,2016
Month,1,2,3,4,5,6,7,8,9,10,11,12,1,2,3,4,5,6,7,8,9,10,11,12,1,2,3,4,5,6,7,8,9,10,11,12,1,2,3,4,5,6,7,8,9,10,11,12,1,2,3,4,5,6,7,8,9,10,11,12,1,2,3,4,5,6,7,8,9,10,11,12,1,2,3,4,5,6,7,8,9,10,11,12,1,2,3,4,5,6,7,8,9,10,11,12,1,2,3,4,5,6,7,8,9,10,11,12,1,2,3,4,5,6,7,8,9,10,11,12,1,2,3,4,5,6,7,8,9,10,11,12,1,2,3,4,5,6,7,8,9,10,11,12,1,2,3,4,5,6,7,8,9,10,11,12,1,2,3,4,5,6,7,8,9,10,11,12,1,2,3,4,5,6,7,8,9,10,11,12,1,2,3,4,5,6,7,8,9,10,11,12,1,2,3,4,5,6,7,8,9,10,11,12,1,2,3,4,5,6,7,8,9,10,11,12,1,2,3,4,5,6,7,8,9,10,11,12,1,2,3,4,5,6,7,8,9,10,11,12,1,2,3,4,5,6,7,8,9,10,11,12,1,2,3,4,5,6,7,8,9,10,11,12,1,2,3,4,5,6,7,8,9,10,11,12,1,2,3,4,5,6,7,8,9,10,11,12,1,2,3,4,5,6,7,8,9,10,11,12
1,-247,-351,-300,-142,-45,-226,-340,-316,-97,-99,-171,-231,-233,-217,-302,-226,-277,-270,-323,-244,-126,-26,-137,-198,-203,-200,-277,-258,-181,-194,-344,-328,-183,-110,-173,-246,-311,-277,-286,-170,-210,-300,-340,-232,-142,-25,-119,-184,-324,-399,-199,-113,-178,-233,-325,-71,-16,87,-132,-249,-308,-319,-260,-248,-266,-317,-307,-223,-198,106,-47,-183,-189,-171,-167,-86,-173,-231,-285,-247,-117,-37,-177,-304,-305,-203,-201,-150,-157,-220,-307,-165,156,30,-73,-236,-237,-210,-154,-165,-96,-207,-231,-223,-87,-29,-141,-230,-273,-261,-172,-182,-166,-200,-242,-206,-117,-47,-91,-249,-343,-307,-245,-169,-165,-268,-272,-198,-110,-9,-42,-156,-285,-236,-163,-154,-130,-113,-227,-133,115,30,-113,-238,-303,-210,-151,-207,-200,-226,-191,-179,20,75,-21,-203,-162,-193,-177,-202,-113,-180,-242,-209,-19,-79,-79,-198,-140,-60,-174,-197,-141,-97,-133,-205,-3,15,-180,-245,-353,-272,-192,-212,-209,-238,-259,-219,-116,-25,-129,-191,-197,-268,-212,-85,-67,-141,-185,-120,-20,75,-100,-188,-102,-217,-241,-146,-122,-183,-123,-202,113,67,-59,-197,-261,-228,-163,-166,-141,-189,-221,-146,3,-9,36,-56,-208,-141,-260,-178,-156,-130,-12,-103,91,-68,-109,-256,-216,-299,-182,-177,-128,-160,-162,-174,-122,-107,-144,-147,-291,-195,-170,-147,-156,-87,-155,-134,-74,-106,-109,-172,-235,-205,-206,-93,-150,-181,-168,-140,13,17,57,-165,-258,-225,-186,-136,-154,-154,-264,-198,13,-24,-52,-88,-208,-194,-212,-130,-90,-155,-237,-161,-23,111,136,0
2,-438,-99999,-399,-195,-143,-255,-429,-441,-225,-222,-310,-359,-99999,-99999,-99999,-99999,-347,-316,-414,-383,-252,-143,-259,-371,-411,-374,-414,-365,-262,-246,-435,-478,-353,-265,-347,-414,-481,-460,-426,-301,-298,-399,-475,-387,-329,-173,-252,-362,-527,-594,-399,-222,-243,-326,-472,-213,-195,-106,-262,-460,-546,-544,-495,-427,-386,-478,-505,-406,-391,-80,-99999,-99999,-99999,-397,-323,-266,-321,-394,-466,-446,XXXXX,XXXXX,XXXXX,XXXXX,XXXXX,XXXXX,XXXXX,XXXXX,XXXXX,XXXXX,XXXXX,XXXXX,XXXXX,XXXXX,XXXXX,XXXXX,XXXXX,XXXXX,XXXXX,XXXXX,XXXXX,XXXXX,XXXXX,XXXXX,XXXXX,XXXXX,XXXXX,XXXXX,XXXXX,XXXXX,XXXXX,XXXXX,XXXXX,XXXXX,XXXXX,XXXXX,XXXXX,XXXXX,XXXXX,XXXXX,XXXXX,XXXXX,XXXXX,XXXXX,XXXXX,XXXXX,XXXXX,XXXXX,XXXXX,XXXXX,XXXXX,XXXXX,XXXXX,XXXXX,XXXXX,XXXXX,XXXXX,XXXXX,XXXXX,XXXXX,XXXXX,XXXXX,XXXXX,XXXXX,XXXXX,XXXXX,XXXXX,XXXXX,XXXXX,XXXXX,XXXXX,XXXXX,XXXXX,XXXXX,XXXXX,XXXXX,XXXXX,XXXXX,XXXXX,XXXXX,XXXXX,XXXXX,XXXXX,XXXXX,XXXXX,XXXXX,XXXXX,XXXXX,XXXXX,XXXXX,XXXXX,XXXXX,XXXXX,XXXXX,XXXXX,XXXXX,XXXXX,XXXXX,XXXXX,XXXXX,XXXXX,XXXXX,XXXXX,XXXXX,XXXXX,XXXXX,XXXXX,XXXXX,XXXXX,XXXXX,XXXXX,XXXXX,XXXXX,XXXXX,XXXXX,XXXXX,XXXXX,XXXXX,XXXXX,XXXXX,XXXXX,XXXXX,XXXXX,XXXXX,XXXXX,XXXXX,XXXXX,XXXXX,XXXXX,XXXXX,XXXXX,XXXXX,XXXXX,XXXXX,XXXXX,XXXXX,XXXXX,XXXXX,XXXXX,XXXXX,XXXXX,XXXXX,XXXXX,XXXXX,XXXXX,XXXXX,XXXXX,XXXXX,XXXXX,XXXXX,XXXXX,XXXXX,XXXXX,XXXXX,XXXXX,XXXXX,XXXXX,XXXXX,XXXXX,XXXXX,XXXXX,XXXXX,XXXXX,XXXXX,XXXXX,XXXXX,XXXXX,XXXXX,XXXXX,XXXXX,XXXXX,XXXXX,XXXXX,XXXXX,XXXXX,XXXXX,XXXXX,XXXXX,XXXXX,XXXXX,XXXXX,XXXXX,XXXXX,XXXXX,XXXXX,XXXXX,XXXXX,XXXXX,XXXXX,XXXXX,XXXXX,XXXXX,XXXXX,XXXXX,XXXXX,XXXXX,XXXXX,XXXXX,XXXXX,XXXXX,XXXXX,XXXXX,XXXXX,XXXXX,XXXXX,XXXXX,XXXXX,XXXXX,XXXXX,XXXXX,XXXXX,XXXXX,XXXXX,XXXXX,XXXXX,XXXXX,XXXXX,XXXXX,XXXXX,0
3,-455,-556,-458,-290,-165,-293,-458,-464,-254,-269,-351,-394,-418,-367,-440,-351,-376,-376,-467,-428,-281,-217,-336,-415,-428,-403,-467,-409,-293,-245,-446,-492,-367,-278,-397,-476,-522,-501,-479,-330,-345,-415,-492,-391,-330,-187,-284,-379,-531,-595,-376,-217,-236,-312,-440,-196,-159,-83,-309,-449,-546,-537,-483,-427,-368,-438,-461,-372,-357,-59,-224,-392,-394,-367,-310,-205,-282,-330,-408,-384,-253,-126,-99999,-99999,-474,-346,-341,-263,-250,-300,-436,-318,26,-49,-195,-388,-409,-347,-299,-259,-186,-278,-335,-375,-253,-202,-317,-405,-444,-415,-311,-333,-239,-298,-396,-373,-300,-203,-244,-446,-518,-443,-415,-232,-259,-364,-378,-310,-218,-135,-171,-323,-446,-411,-298,-235,-182,-172,-246,-211,18,-51,-234,-375,-460,-363,-281,-319,-252,-325,-258,-323,-84,-77,-184,-369,-325,-346,-278,-296,-145,-234,-330,-312,-139,-183,-186,-352,-284,-192,-300,-329,-244,-185,-229,-320,-113,-127,-334,-415,-522,-455,-306,-307,-298,-333,-332,-323,-241,-148,-288,-361,-349,-412,-293,-188,-121,-197,-171,-165,-92,-35,-220,-336,-285,-333,-362,-221,-180,-240,-232,-358,-37,-75,-215,-369,-456,-368,-310,-292,-219,-290,-361,-281,-157,-103,-93,-219,-348,-285,-411,-257,-170,-215,-35,-239,36,-194,-237,-380,-381,-461,-289,-236,-173,-235,-274,-308,-274,-225,-244,-267,-416,-308,-219,-167,-207,-139,-197,-219,-170,-208,-211,-307,-351,-312,-328,-176,-205,-225,-233,-234,-61,-50,-80,-293,-390,-344,-308,-223,-202,-174,-340,-280,-77,-124,-185,-217,-355,-320,-317,-184,-24,-122,-264,-210,-82,30,XXXXX,0
4,-447,-548,-487,-289,-197,-362,-523,-508,-267,-310,-401,-435,-456,-462,-514,-438,-484,-493,-539,-468,-310,-276,-404,-450,-456,-465,-551,-493,-407,-368,-566,-572,-423,-350,-444,-545,-578,-548,-563,-404,-447,-499,-557,-453,-377,-99999,-99999,-99999,-99999,-99999,-99999,-313,-334,-414,-481,-246,-200,-173,-401,-511,-627,-605,-571,-509,-467,-551,-545,-447,-411,-116,-288,-461,-462,-420,-408,-303,-393,-453,-522,-475,-343,-272,-478,-645,-559,-465,-472,-386,-380,-423,-551,-400,-26,-189,-347,-493,-516,-460,-420,-395,-337,-392,-439,-499,-334,-323,-458,-553,-594,-581,-489,-496,-404,-438,-539,-517,-402,-325,-389,-590,-665,-601,-579,-417,-449,-496,-519,-447,-359,-274,-350,-466,-580,-550,-427,-390,-336,-342,-465,-349,-120,-231,-444,-552,-636,-533,-464,-495,-441,-482,-420,-455,-234,-252,-340,-500,-484,-476,-431,-476,-340,-400,-487,-452,-272,-339,-322,-500,-429,-326,-488,-480,-403,-333,-382,-432,-240,-286,-493,-561,-672,-586,-458,-473,-478,-492,-501,-471,-370,-278,-422,-511,-474,-548,-458,-364,-275,-347,-415,-344,-251,-201,-378,-501,-428,-509,XXXXX,XXXXX,XXXXX,XXXXX,XXXXX,XXXXX,XXXXX,XXXXX,XXXXX,XXXXX,XXXXX,XXXXX,XXXXX,XXXXX,XXXXX,XXXXX,XXXXX,XXXXX,XXXXX,XXXXX,XXXXX,XXXXX,XXXXX,XXXXX,XXXXX,XXXXX,XXXXX,XXXXX,XXXXX,XXXXX,XXXXX,XXXXX,XXXXX,XXXXX,XXXXX,XXXXX,XXXXX,XXXXX,XXXXX,XXXXX,XXXXX,XXXXX,XXXXX,XXXXX,XXXXX,XXXXX,XXXXX,XXXXX,XXXXX,XXXXX,XXXXX,XXXXX,XXXXX,XXXXX,XXXXX,XXXXX,XXXXX,XXXXX,XXXXX,XXXXX,XXXXX,XXXXX,XXXXX,XXXXX,XXXXX,XXXXX,XXXXX,XXXXX,XXXXX,XXXXX,XXXXX,XXXXX,XXXXX,XXXXX,XXXXX,XXXXX,XXXXX,XXXXX,XXXXX,XXXXX,XXXXX,XXXXX,XXXXX,XXXXX,XXXXX,XXXXX,XXXXX,XXXXX,XXXXX,XXXXX,XXXXX,XXXXX,XXXXX,0
5,-483,-587,-495,-318,-209,-364,-507,-483,-251,-279,-413,-446,-498,-486,-513,-425,-458,-477,-486,-437,-273,-245,-379,-428,-462,-471,-559,-486,-367,-300,-513,-526,-364,-315,-443,-538,-580,-544,-541,-376,-431,-474,-532,-413,-330,-245,-367,-474,-647,-672,-99999,-321,-346,-425,-486,-257,-199,-193,-419,-544,-662,-636,-601,-517,-452,-532,-534,-427,-414,-139,-304,-482,-484,-440,-430,-324,-401,-449,-517,-462,-327,-284,-505,-670,-570,-474,-465,-375,-354,-378,-523,-370,-15,-192,-362,-508,-545,-473,-409,-383,-317,-364,-412,-482,-304,-285,-418,-514,-558,-544,-442,-452,-347,-388,-495,-474,-354,-282,-362,-577,-644,-565,-532,-358,-401,-428,-463,-400,-317,-247,-328,-459,-579,-540,-402,-347,-273,-280,-415,-298,-92,-209,-433,-540,-609,-505,-423,-437,-384,-414,-361,-396,-183,-212,-305,-472,-465,-464,-404,-439,-297,-355,-453,-413,-236,-304,-302,-500,-414,-311,-479,-468,-368,-292,-348,-388,-203,-268,-480,-556,-660,-567,-432,-445,-442,-452,-457,-431,-327,-255,-418,-506,-472,-542,-444,-367,-256,-332,-407,-320,-219,-106,-341,-467,-401,-468,-472,-359,-291,-319,-332,-450,-76,-214,-372,-523,-610,-508,-457,-443,-348,-419,-473,-358,-231,-216,-235,-357,-504,-471,-594,-398,-327,-318,-190,-337,-102,-341,-368,-535,-585,-632,-460,-371,-317,-358,XXXXX,XXXXX,XXXXX,XXXXX,XXXXX,XXXXX,XXXXX,XXXXX,XXXXX,XXXXX,XXXXX,XXXXX,XXXXX,XXXXX,XXXXX,XXXXX,XXXXX,XXXXX,XXXXX,XXXXX,XXXXX,XXXXX,XXXXX,XXXXX,XXXXX,XXXXX,XXXXX,XXXXX,XXXXX,XXXXX,XXXXX,XXXXX,XXXXX,XXXXX,XXXXX,XXXXX,XXXXX,XXXXX,XXXXX,XXXXX,XXXXX,XXXXX,XXXXX,XXXXX,XXXXX,XXXXX,XXXXX,XXXXX,XXXXX,XXXXX,XXXXX,XXXXX,XXXXX,0
6,-250,-360,-284,-113,-15,-186,-339,-326,-107,-128,-226,-229,-272,-287,-314,-238,-275,-305,-339,-272,-113,-92,-229,-250,-235,-265,-354,-281,-186,-150,-351,-351,-204,-162,-256,-342,-387,-342,-323,-168,-238,-299,-348,-229,-147,-55,-177,-268,-427,-464,-232,-119,-150,-229,-296,-76,-31,-19,-238,-351,-468,-447,-416,-344,-284,-358,-365,-260,-234,44,-122,-295,-295,-242,-215,-113,-204,-253,-334,-285,-156,-105,-315,-475,-358,-274,-282,-200,-191,-216,-367,-215,150,-8,-162,-309,-332,-269,-232,-212,-155,-201,-245,-316,-141,-124,-258,-352,-393,-372,-283,-278,-176,-219,-331,-310,-187,-117,-185,-389,-448,-373,-322,-165,-212,-229,-281,-219,-117,-50,-132,-255,-385,-360,-231,-170,-114,-121,-246,-134,76,-33,-241,-354,-427,-321,-235,-267,-214,-249,-198,-230,-13,-40,-134,-300,-284,-267,-216,-269,-116,-168,-266,-237,-69,-141,-118,-309,-227,-121,-295,-296,-214,-137,-196,-234,-45,-103,-312,-375,-483,-395,-259,-277,-281,-288,-288,-269,-172,-92,-251,-342,-286,-360,-260,-171,-67,-148,-206,-140,-49,-13,-193,-316,-243,-314,-315,-191,-124,-168,-182,-296,-99999,-35,-187,-332,-425,-317,-273,-247,-139,-171,-212,-114,14,28,-17,-137,-284,-249,-370,-185,-126,-114,8,-132,91,-148,-173,-341,-369,-415,-251,-177,-128,-171,-203,-245,-198,-131,-178,-186,-327,-208,-138,-101,-139,-39,-141,-152,-79,-127,-142,-259,-274,-239,-261,-114,-143,-197,-155,-140,3,2,-28,-234,-331,-283,-239,-170,-131,-95,-246,-163,25,-71,-139,-159,-285,-244,-265,-121,-1,-86,-183,-114,21,95,109,0
7,XXXXX,XXXXX,XXXXX,XXXXX,XXXXX,XXXXX,XXXXX,XXXXX,XXXXX,XXXXX,XXXXX,XXXXX,XXXXX,XXXXX,XXXXX,XXXXX,XXXXX,XXXXX,XXXXX,XXXXX,XXXXX,XXXXX,XXXXX,XXXXX,-252,-267,-331,-234,-164,-121,-264,-331,-185,-155,-271,-350,-399,-325,-301,-173,-222,-240,-298,-203,-142,-21,-170,-267,-99999,-99999,-99999,-99999,-99999,-99999,-99999,-99999,-99999,-99999,-99999,-99999,-99999,-99999,-99999,-99999,-99999,-99999,-99999,-99999,-99999,-99999,-99999,-99999,-99999,-99999,-99999,-99999,-99999,-99999,-99999,-99999,-99999,-99999,-99999,-99999,-280,-236,-230,-198,-192,-205,-352,-214,155,-99999,-183,-309,-288,-223,-204,-167,-159,-189,-228,-314,-160,-162,-293,-387,-435,-406,-315,-300,-168,-230,-336,-324,-217,-173,-224,-429,-446,-365,-274,-146,-212,-206,-269,-223,-96,-61,-158,-99999,-376,-363,-240,-141,-127,-138,-250,-125,29,-52,-225,-339,-422,-325,-211,-266,-230,-257,-215,-235,-20,-67,-162,-326,-295,-235,-192,-272,-77,-146,-235,-253,-109,-148,-109,-289,-232,-100,-275,-99999,-225,-135,-182,-239,-99999,-99999,-99999,-99999,-485,-397,-268,-262,-261,-265,-249,-230,-157,-33,-227,-346,-244,-336,-246,-179,-68,-121,-159,-95,-27,-7,-197,-317,-270,-295,-286,-159,-103,-125,-144,-236,179,-88,-241,-380,-459,-362,-308,-235,-154,-249,-306,-206,-91,-54,3,-136,-276,-250,-362,-189,-127,-107,-1,-141,64,-175,-202,-378,-401,-436,-264,-167,-137,-160,-198,-251,-212,-169,-216,-239,-343,-209,-105,-84,-137,-28,-107,-137,-72,-130,-155,-265,-268,-226,-259,-114,-113,-162,-121,-120,14,5,-38,-234,-338,-290,-239,-174,-129,-81,-236,-175,-5,-85,-159,-178,-276,-260,-239,-86,14,-48,-182,-145,-22,37,100,0
8,XXXXX,XXXXX,XXXXX,XXXXX,XXXXX,XXXXX,XXXXX,XXXXX,XXXXX,XXXXX,XXXXX,XXXXX,XXXXX,XXXXX,XXXXX,XXXXX,XXXXX,XXXXX,XXXXX,XXXXX,XXXXX,XXXXX,XXXXX,XXXXX,XXXXX,XXXXX,XXXXX,XXXXX,XXXXX,XXXXX,XXXXX,XXXXX,XXXXX,XXXXX,XXXXX,XXXXX,XXXXX,XXXXX,XXXXX,XXXXX,XXXXX,XXXXX,XXXXX,XXXXX,XXXXX,XXXXX,XXXXX,XXXXX,XXXXX,XXXXX,XXXXX,XXXXX,XXXXX,XXXXX,XXXXX,XXXXX,XXXXX,XXXXX,XXXXX,XXXXX,XXXXX,XXXXX,XXXXX,XXXXX,XXXXX,XXXXX,XXXXX,XXXXX,XXXXX,XXXXX,XXXXX,XXXXX,XXXXX,XXXXX,XXXXX,XXXXX,XXXXX,XXXXX,XXXXX,XXXXX,XXXXX,XXXXX,XXXXX,XXXXX,XXXXX,XXXXX,XXXXX,XXXXX,XXXXX,XXXXX,XXXXX,XXXXX,XXXXX,XXXXX,XXXXX,XXXXX,XXXXX,XXXXX,XXXXX,XXXXX,XXXXX,XXXXX,XXXXX,XXXXX,XXXXX,XXXXX,XXXXX,XXXXX,XXXXX,XXXXX,XXXXX,XXXXX,XXXXX,XXXXX,XXXXX,XXXXX,XXXXX,XXXXX,XXXXX,XXXXX,XXXXX,XXXXX,XXXXX,XXXXX,XXXXX,XXXXX,XXXXX,XXXXX,XXXXX,XXXXX,XXXXX,XXXXX,XXXXX,XXXXX,XXXXX,XXXXX,XXXXX,XXXXX,XXXXX,XXXXX,XXXXX,XXXXX,XXXXX,XXXXX,XXXXX,XXXXX,XXXXX,XXXXX,XXXXX,XXXXX,XXXXX,XXXXX,XXXXX,XXXXX,XXXXX,XXXXX,XXXXX,XXXXX,XXXXX,XXXXX,XXXXX,XXXXX,XXXXX,XXXXX,XXXXX,XXXXX,XXXXX,XXXXX,XXXXX,XXXXX,XXXXX,XXXXX,XXXXX,XXXXX,XXXXX,XXXXX,XXXXX,XXXXX,XXXXX,XXXXX,XXXXX,XXXXX,XXXXX,XXXXX,XXXXX,XXXXX,XXXXX,XXXXX,XXXXX,-8,-158,-249,-205,-280,-188,-91,-2,-69,-134,-69,20,63,-122,-252,-177,-256,-258,-138,-74,-120,-99999,-243,125,24,-120,-259,-356,-258,-207,-187,-101,-186,-244,-146,-12,26,28,-115,-260,-203,-341,-170,-102,-100,45,-107,121,-105,-133,-298,-331,-387,-222,-161,-106,-151,-184,-224,-180,-117,-150,-163,-299,-173,-108,-70,-109,-17,-106,-111,-55,-89,-107,-213,-234,-202,-223,-78,-106,-146,-119,-108,54,65,54,-171,-275,-235,-200,-142,-114,-78,-245,-172,42,-40,-86,-119,-99999,-208,-231,-98,14,-92,-205,-142,7,100,123,0
9,XXXXX,XXXXX,XXXXX,XXXXX,XXXXX,XXXXX,XXXXX,XXXXX,XXXXX,XXXXX,XXXXX,XXXXX,XXXXX,XXXXX,XXXXX,XXXXX,XXXXX,XXXXX,XXXXX,XXXXX,XXXXX,XXXXX,XXXXX,XXXXX,XXXXX,XXXXX,XXXXX,XXXXX,XXXXX,XXXXX,XXXXX,XXXXX,XXXXX,XXXXX,XXXXX,XXXXX,XXXXX,XXXXX,XXXXX,XXXXX,XXXXX,XXXXX,XXXXX,XXXXX,XXXXX,XXXXX,XXXXX,XXXXX,XXXXX,XXXXX,XXXXX,XXXXX,XXXXX,XXXXX,XXXXX,XXXXX,XXXXX,XXXXX,XXXXX,XXXXX,XXXXX,XXXXX,XXXXX,XXXXX,XXXXX,XXXXX,XXXXX,XXXXX,XXXXX,XXXXX,XXXXX,XXXXX,XXXXX,XXXXX,XXXXX,XXXXX,XXXXX,XXXXX,XXXXX,XXXXX,XXXXX,XXXXX,XXXXX,XXXXX,-317,-201,-196,-118,-129,-191,-312,-156,189,56,-94,-245,-267,-199,-99999,-139,-78,-188,-223,-236,-106,-54,-166,-258,-306,-287,-188,-205,-149,-203,-275,-236,-144,-53,-127,-315,-404,-344,-296,-156,-173,-270,-272,-211,-123,-13,-73,-199,-332,-287,-190,-153,-116,-81,-210,-119,138,35,-157,-284,-349,-255,-181,-228,-189,-230,-164,-182,43,64,-26,-228,-187,-211,-168,-207,-97,-172,-254,-204,5,-30,-72,-225,-157,-72,-205,-218,-139,-70,-112,-183,29,27,-193,-262,-400,-314,-190,-206,-199,-224,-244,-215,-112,-15,-143,-203,-204,-285,-196,-80,-28,-123,-168,-97,13,91,-101,-210,-132,-215,-246,-109,-74,-141,-108,-225,125,70,-73,-225,-300,-237,-171,-173,-110,-174,-230,-135,10,27,44,-77,-228,-162,-292,-148,-68,-93,58,-97,144,-65,-106,-256,-250,-331,-173,-146,-94,-131,-163,-186,-130,-82,-99,-115,-286,-172,-116,-69,-109,-38,-113,-109,-52,-78,-73,-178,-232,-174,-181,-35,-93,-122,-127,-108,65,81,72,-165,-262,-224,-196,-115,-109,-101,-258,-175,49,-12,-47,-84,-223,-191,-217,-91,12,-81,-211,-126,26,144,145,0
10,-330,-381,-302,-183,-74,-199,-281,-275,-135,-168,-256,-336,-339,-308,-363,-314,-348,-253,-284,-208,-132,-153,-247,-311,-305,-333,-400,-99999,-214,-223,-302,-281,-162,-138,-299,-342,-439,-378,-351,-238,-241,-269,-260,-180,-125,-110,-250,-311,-409,-497,-284,-205,-196,-229,-238,-67,-58,-110,-287,-366,-415,-428,-395,-341,-306,-300,-286,-204,-195,-51,-168,-279,-304,-294,-260,-209,-253,-205,-264,-236,-163,-164,-327,-439,-358,-277,-268,-213,-173,-220,-295,-162,39,-102,-225,-319,-319,-281,-248,-233,-181,-197,-227,-254,-116,-148,-258,-341,-408,-399,-293,-276,-213,-232,-273,-250,-151,-182,-191,-390,-480,-416,-333,-262,-243,-265,-250,-193,-143,-133,-170,-261,-377,-348,-273,-210,-174,-128,-231,-129,27,-28,-255,-343,-418,-320,-216,-253,-215,-191,-186,-164,-25,-84,-138,-268,-293,-303,-276,-290,-153,-178,-224,-218,-105,-99,-103,-327,-255,-154,-280,-246,-203,-113,-159,-165,-27,-136,-287,-370,-412,-341,-276,-240,-236,-225,-251,-217,-120,-109,-243,-308,-313,-363,-290,-212,-100,-147,-189,-137,-77,-23,-198,-289,-287,-295,-272,-183,-115,-150,-116,-182,-99999,-32,-99999,-283,-342,-309,-204,-191,-119,-146,-179,-89,-99999,-99999,-42,-134,-291,-273,-311,-200,-119,-72,-10,-57,53,-142,-155,-341,-366,-366,-208,-179,-148,-129,-111,-134,-61,-133,-140,-164,-250,-212,-145,-99999,-109,-7,-76,2,4,-73,-128,-197,-241,-183,-217,-97,-97,-92,-55,-48,17,23,-54,-193,-301,-264,-224,-135,-95,-76,-179,-111,10,-52,-139,-133,-256,-247,-234,-124,-58,-97,-137,-70,-13,52,27,0
11,XXXXX,XXXXX,XXXXX,XXXXX,XXXXX,XXXXX,XXXXX,XXXXX,XXXXX,XXXXX,XXXXX,XXXXX,XXXXX,XXXXX,XXXXX,XXXXX,XXXXX,XXXXX,XXXXX,XXXXX,XXXXX,XXXXX,XXXXX,XXXXX,XXXXX,XXXXX,XXXXX,XXXXX,XXXXX,XXXXX,XXXXX,XXXXX,XXXXX,XXXXX,XXXXX,XXXXX,XXXXX,XXXXX,XXXXX,XXXXX,XXXXX,XXXXX,XXXXX,XXXXX,XXXXX,XXXXX,XXXXX,XXXXX,XXXXX,XXXXX,XXXXX,XXXXX,XXXXX,XXXXX,XXXXX,XXXXX,XXXXX,XXXXX,XXXXX,XXXXX,XXXXX,XXXXX,XXXXX,XXXXX,XXXXX,XXXXX,XXXXX,XXXXX,XXXXX,XXXXX,XXXXX,XXXXX,XXXXX,XXXXX,XXXXX,XXXXX,XXXXX,XXXXX,XXXXX,XXXXX,XXXXX,XXXXX,XXXXX,XXXXX,XXXXX,XXXXX,XXXXX,XXXXX,XXXXX,XXXXX,XXXXX,XXXXX,XXXXX,XXXXX,XXXXX,XXXXX,XXXXX,XXXXX,XXXXX,XXXXX,XXXXX,XXXXX,XXXXX,XXXXX,XXXXX,XXXXX,XXXXX,XXXXX,XXXXX,XXXXX,XXXXX,XXXXX,XXXXX,XXXXX,XXXXX,XXXXX,XXXXX,XXXXX,XXXXX,XXXXX,XXXXX,XXXXX,XXXXX,XXXXX,XXXXX,XXXXX,XXXXX,XXXXX,XXXXX,XXXXX,XXXXX,XXXXX,XXXXX,XXXXX,XXXXX,XXXXX,XXXXX,XXXXX,XXXXX,XXXXX,XXXXX,XXXXX,XXXXX,XXXXX,XXXXX,XXXXX,XXXXX,XXXXX,XXXXX,XXXXX,XXXXX,XXXXX,XXXXX,XXXXX,XXXXX,XXXXX,XXXXX,XXXXX,XXXXX,XXXXX,XXXXX,XXXXX,XXXXX,XXXXX,XXXXX,XXXXX,XXXXX,XXXXX,XXXXX,XXXXX,XXXXX,XXXXX,XXXXX,XXXXX,XXXXX,XXXXX,XXXXX,XXXXX,XXXXX,XXXXX,XXXXX,XXXXX,XXXXX,XXXXX,XXXXX,XXXXX,XXXXX,XXXXX,XXXXX,XXXXX,XXXXX,XXXXX,XXXXX,XXXXX,XXXXX,XXXXX,XXXXX,XXXXX,XXXXX,XXXXX,XXXXX,XXXXX,XXXXX,XXXXX,XXXXX,XXXXX,XXXXX,XXXXX,XXXXX,XXXXX,XXXXX,XXXXX,244,13,-184,-281,-380,-322,-198,-183,-118,-285,-288,-137,72,10,-8,-36,-268,-256,-350,-221,-117,-109,-26,-76,79,-171,-138,-388,-361,-394,-202,-249,-142,-193,-210,-218,-14,-74,-87,-164,-326,-170,-123,-114,-96,20,-115,46,38,-64,-92,-197,-99999,-99999,-209,-39,-87,-140,-65,-53,48,51,90,-152,-301,-227,-207,-103,-89,-114,-266,-153,70,-61,-135,-92,-204,-226,-223,-121,-28,-155,-279,-130,-14,89,117,0
12,XXXXX,XXXXX,XXXXX,XXXXX,XXXXX,XXXXX,XXXXX,XXXXX,XXXXX,XXXXX,XXXXX,XXXXX,XXXXX,XXXXX,XXXXX,XXXXX,XXXXX,XXXXX,XXXXX,XXXXX,XXXXX,XXXXX,XXXXX,XXXXX,XXXXX,XXXXX,XXXXX,XXXXX,XXXXX,XXXXX,XXXXX,XXXXX,XXXXX,XXXXX,XXXXX,XXXXX,XXXXX,XXXXX,XXXXX,XXXXX,XXXXX,XXXXX,XXXXX,XXXXX,XXXXX,XXXXX,XXXXX,XXXXX,XXXXX,XXXXX,XXXXX,XXXXX,XXXXX,XXXXX,XXXXX,XXXXX,XXXXX,XXXXX,XXXXX,XXXXX,XXXXX,XXXXX,XXXXX,XXXXX,XXXXX,XXXXX,XXXXX,XXXXX,XXXXX,XXXXX,XXXXX,-247,-99999,-99999,-175,-99999,-99999,-99999,-211,-156,-104,-68,-257,-385,-235,-184,-159,-99999,-147,-245,-317,-132,180,0,-99999,-99999,-248,-235,-178,-178,-100,-133,-150,-192,-40,-57,-191,-282,-344,-323,-220,-215,-143,-152,-235,-186,-45,-108,-137,-345,-431,-347,-272,-169,-177,-206,-99999,-99999,-56,-32,-79,-202,-324,-294,-203,-131,-106,-63,-171,-33,156,-99999,-99999,-99999,-99999,-99999,-99999,-179,-139,-120,-88,-78,70,0,-75,-248,-275,-222,-204,-231,-83,-127,-189,-148,-32,-8,-16,-300,-204,-118,-266,-154,-117,-32,-81,XXXXX,XXXXX,XXXXX,XXXXX,XXXXX,XXXXX,XXXXX,XXXXX,XXXXX,XXXXX,XXXXX,XXXXX,XXXXX,XXXXX,XXXXX,XXXXX,XXXXX,XXXXX,XXXXX,XXXXX,XXXXX,XXXXX,XXXXX,XXXXX,XXXXX,XXXXX,XXXXX,XXXXX,XXXXX,XXXXX,XXXXX,XXXXX,XXXXX,XXXXX,XXXXX,XXXXX,XXXXX,XXXXX,XXXXX,XXXXX,XXXXX,XXXXX,XXXXX,XXXXX,XXXXX,XXXXX,XXXXX,XXXXX,XXXXX,XXXXX,XXXXX,XXXXX,XXXXX,XXXXX,XXXXX,XXXXX,XXXXX,XXXXX,XXXXX,XXXXX,XXXXX,XXXXX,XXXXX,XXXXX,XXXXX,XXXXX,XXXXX,XXXXX,XXXXX,XXXXX,XXXXX,XXXXX,XXXXX,XXXXX,XXXXX,XXXXX,XXXXX,XXXXX,XXXXX,XXXXX,XXXXX,XXXXX,XXXXX,XXXXX,XXXXX,XXXXX,XXXXX,XXXXX,XXXXX,XXXXX,XXXXX,XXXXX,XXXXX,XXXXX,XXXXX,XXXXX,XXXXX,XXXXX,XXXXX,XXXXX,XXXXX,XXXXX,XXXXX,XXXXX,XXXXX,XXXXX,XXXXX,XXXXX,XXXXX,XXXXX,XXXXX,XXXXX,XXXXX,XXXXX,XXXXX,XXXXX,XXXXX,XXXXX,XXXXX,XXXXX,XXXXX,XXXXX,XXXXX,XXXXX,0
13,-184,-321,-190,11,121,-68,-187,-150,11,33,-166,-208,-227,-153,-248,-153,-224,-120,-227,-108,17,-4,-89,-163,-153,-214,-291,-153,-59,-123,-239,-220,-99999,-99999,-99999,-99999,-99999,-99999,-99999,-99999,-99999,-99999,-99999,-35,-99999,-99999,-129,-187,-333,-99999,-99999,-99999,-99999,-99999,-99999,-99999,69,29,XXXXX,XXXXX,XXXXX,XXXXX,XXXXX,XXXXX,XXXXX,XXXXX,XXXXX,XXXXX,XXXXX,XXXXX,XXXXX,XXXXX,XXXXX,XXXXX,XXXXX,XXXXX,XXXXX,XXXXX,XXXXX,XXXXX,XXXXX,XXXXX,XXXXX,XXXXX,XXXXX,XXXXX,XXXXX,XXXXX,XXXXX,XXXXX,XXXXX,XXXXX,XXXXX,XXXXX,XXXXX,XXXXX,XXXXX,XXXXX,XXXXX,XXXXX,XXXXX,XXXXX,XXXXX,XXXXX,XXXXX,XXXXX,XXXXX,XXXXX,XXXXX,XXXXX,XXXXX,XXXXX,XXXXX,XXXXX,XXXXX,XXXXX,XXXXX,XXXXX,XXXXX,XXXXX,XXXXX,XXXXX,XXXXX,XXXXX,XXXXX,XXXXX,XXXXX,XXXXX,XXXXX,XXXXX,XXXXX,XXXXX,XXXXX,XXXXX,XXXXX,XXXXX,XXXXX,XXXXX,XXXXX,XXXXX,XXXXX,XXXXX,XXXXX,XXXXX,XXXXX,XXXXX,XXXXX,XXXXX,XXXXX,XXXXX,XXXXX,XXXXX,XXXXX,XXXXX,XXXXX,XXXXX,XXXXX,XXXXX,XXXXX,XXXXX,XXXXX,XXXXX,XXXXX,XXXXX,XXXXX,XXXXX,XXXXX,XXXXX,XXXXX,XXXXX,XXXXX,XXXXX,XXXXX,XXXXX,XXXXX,XXXXX,XXXXX,XXXXX,XXXXX,XXXXX,XXXXX,XXXXX,XXXXX,XXXXX,XXXXX,XXXXX,XXXXX,XXXXX,XXXXX,XXXXX,XXXXX,XXXXX,XXXXX,XXXXX,XXXXX,XXXXX,XXXXX,XXXXX,XXXXX,XXXXX,XXXXX,XXXXX,XXXXX,XXXXX,XXXXX,XXXXX,XXXXX,XXXXX,XXXXX,XXXXX,XXXXX,XXXXX,XXXXX,XXXXX,XXXXX,XXXXX,XXXXX,XXXXX,XXXXX,XXXXX,XXXXX,XXXXX,XXXXX,XXXXX,XXXXX,XXXXX,XXXXX,XXXXX,XXXXX,XXXXX,XXXXX,XXXXX,XXXXX,XXXXX,XXXXX,XXXXX,XXXXX,XXXXX,XXXXX,XXXXX,XXXXX,XXXXX,XXXXX,XXXXX,XXXXX,XXXXX,XXXXX,XXXXX,XXXXX,XXXXX,XXXXX,XXXXX,XXXXX,XXXXX,XXXXX,XXXXX,XXXXX,XXXXX,XXXXX,XXXXX,XXXXX,XXXXX,XXXXX,XXXXX,XXXXX,XXXXX,XXXXX,XXXXX,XXXXX,XXXXX,XXXXX,XXXXX,XXXXX,XXXXX,XXXXX,XXXXX,XXXXX,XXXXX,XXXXX,XXXXX,XXXXX,XXXXX,XXXXX,XXXXX,XXXXX,XXXXX,XXXXX,XXXXX,XXXXX,XXXXX,XXXXX,XXXXX,XXXXX,XXXXX,XXXXX,XXXXX,XXXXX,XXXXX,XXXXX,0
14,-269,-366,-217,-128,0,-134,-195,-189,-67,-92,-211,-296,-275,-214,-287,-241,-275,-165,-238,-153,-67,-64,-153,-220,-211,-241,-323,-220,-156,-208,-266,-241,-95,-80,-223,-266,-363,-278,-269,-165,-217,-202,-147,-86,-46,-19,-165,-220,-323,-403,-165,-147,-128,-189,-168,9,27,9,-202,-272,-320,-339,-294,-238,-229,-244,-225,-132,-99999,-99999,-107,-235,-252,-237,-196,-190,-176,-112,-162,-147,-99,-108,-99999,-99999,-99999,-99999,-99999,-99999,-99999,-99999,-99999,-99999,-99999,-99999,-99999,-99999,-99999,-99999,-99999,-99999,-99999,-99999,-99999,-99999,-99999,-99999,-99999,-99999,-99999,-99999,-99999,-99999,-99999,-99999,-99999,-99999,-99999,-99999,-99999,-99999,-99999,-99999,-99999,-99999,-99999,-99999,-99999,-99999,-99999,-92,-117,-199,-326,-300,-249,-192,-158,-125,-178,-81,59,-15,-221,-291,-370,-261,-137,-171,-91,-94,-65,-49,71,8,-53,-207,-263,-249,-244,-252,-145,-130,-157,-149,-53,-49,-39,-254,-99999,-99999,-99999,-99999,-99999,-99999,-99999,-99999,-99999,-99999,-99999,-99999,-309,-283,-218,-198,-167,-172,-182,-141,-77,-101,-221,-298,-311,-362,-299,-228,-122,-139,-182,-108,-63,-32,-207,-278,-332,-299,-260,-184,-125,-138,-131,-142,130,-45,-174,-238,-316,-302,-159,-119,-77,-137,-144,-62,95,29,-16,-105,-253,-230,-248,-203,-92,-60,-16,-30,53,-134,-145,-372,-355,-337,-165,-135,-137,-126,-89,-115,-18,-107,-108,-168,-244,-199,-134,-117,-74,29,-38,40,12,-69,-111,-174,-209,-164,-181,-100,-97,-88,-17,-19,30,16,-51,-174,-305,-235,-213,-83,-58,-57,-178,-93,29,-33,-146,-113,-233,-249,-230,-111,-66,-107,-155,-71,-9,64,32,0
15,-282,-349,-242,-163,-56,-163,-169,-160,-72,-99,-206,-315,-285,-212,-291,-242,-267,-151,-212,-136,-75,-62,-172,-242,-233,-261,-337,-221,-160,-206,-254,-221,-96,-87,-242,-291,-385,-315,-285,-209,-239,-200,-117,-81,-56,-44,-206,-254,-337,-422,-221,-166,-145,-200,-184,-1,-14,-17,-212,-294,-324,-347,-303,-234,-227,-240,-208,-133,-86,-24,-118,-254,-274,-262,-214,-99999,-99999,-133,-140,-136,-82,-97,-241,-347,-275,-197,-171,-99999,-131,-216,-253,-150,95,-14,-169,-245,-227,-223,-204,-181,-133,-146,-133,-130,-39,-96,-181,-269,-341,-337,-224,-218,-185,-164,-161,-146,-81,-132,-141,-341,-434,-380,-267,-226,-192,-218,-151,-97,-67,-99,-109,-219,-350,-314,-270,-211,-182,-139,-186,-92,46,-24,-229,-282,-357,-264,-175,-184,-142,-115,-67,-47,39,-5,-60,-204,-261,-277,-244,-99999,-99999,-99999,-164,-148,-99999,-99999,-99999,-99999,-99999,-160,-261,-121,-129,-37,-60,-45,21,-118,-217,-311,-328,-311,-252,-217,-176,-175,-184,-145,-66,-98,-225,-294,-319,-349,-295,-232,-116,-126,-167,-97,-59,-21,-185,-249,-301,-268,-250,-182,-131,-145,-116,-132,115,-56,-171,-247,-341,-317,-189,-135,-103,-121,-118,-51,93,0,-36,-106,-249,-235,-234,-197,-103,-59,-22,-19,55,-123,-134,-351,-354,-344,-204,-182,-174,-145,-91,-122,-46,-132,-125,-190,-283,-252,-99999,-149,-101,16,-38,26,-99999,-65,-93,-160,-231,-201,-188,-120,-121,-99999,-99999,-99999,34,16,-46,-166,-304,-235,-212,-92,-48,-52,-145,-74,32,-23,-141,-116,-250,-253,-248,-137,-85,-102,-139,-53,-20,60,27,0
16,-247,-350,-213,-137,-43,-161,-122,-116,-67,-116,-222,-326,-311,-235,-311,-256,-235,-91,-171,-107,-82,-36,-201,-271,-247,-259,-314,-235,-143,-192,-207,-158,-91,-70,-259,-283,-384,-311,-271,-192,-210,-171,-107,-99999,-99999,-99999,-99999,-99999,-99999,-414,-247,-158,-119,-161,-122,-3,12,XXXXX,XXXXX,XXXXX,XXXXX,XXXXX,XXXXX,XXXXX,XXXXX,XXXXX,XXXXX,XXXXX,XXXXX,XXXXX,XXXXX,XXXXX,XXXXX,XXXXX,XXXXX,XXXXX,XXXXX,XXXXX,XXXXX,XXXXX,XXXXX,XXXXX,XXXXX,XXXXX,XXXXX,XXXXX,XXXXX,XXXXX,XXXXX,XXXXX,XXXXX,XXXXX,XXXXX,XXXXX,XXXXX,XXXXX,XXXXX,XXXXX,XXXXX,XXXXX,XXXXX,XXXXX,XXXXX,XXXXX,XXXXX,XXXXX,XXXXX,XXXXX,XXXXX,XXXXX,XXXXX,XXXXX,XXXXX,XXXXX,XXXXX,XXXXX,XXXXX,XXXXX,XXXXX,XXXXX,XXXXX,XXXXX,XXXXX,XXXXX,XXXXX,XXXXX,XXXXX,XXXXX,XXXXX,XXXXX,XXXXX,XXXXX,XXXXX,XXXXX,XXXXX,XXXXX,XXXXX,XXXXX,XXXXX,XXXXX,XXXXX,XXXXX,XXXXX,XXXXX,XXXXX,XXXXX,XXXXX,XXXXX,XXXXX,XXXXX,XXXXX,XXXXX,XXXXX,XXXXX,XXXXX,XXXXX,XXXXX,XXXXX,XXXXX,XXXXX,XXXXX,XXXXX,XXXXX,XXXXX,XXXXX,XXXXX,XXXXX,XXXXX,XXXXX,XXXXX,XXXXX,XXXXX,XXXXX,XXXXX,XXXXX,XXXXX,XXXXX,XXXXX,XXXXX,XXXXX,XXXXX,XXXXX,XXXXX,XXXXX,XXXXX,XXXXX,XXXXX,XXXXX,XXXXX,XXXXX,XXXXX,XXXXX,XXXXX,XXXXX,XXXXX,XXXXX,XXXXX,XXXXX,XXXXX,XXXXX,XXXXX,XXXXX,XXXXX,XXXXX,XXXXX,XXXXX,XXXXX,XXXXX,XXXXX,XXXXX,XXXXX,XXXXX,XXXXX,XXXXX,XXXXX,XXXXX,XXXXX,XXXXX,XXXXX,XXXXX,XXXXX,XXXXX,XXXXX,XXXXX,XXXXX,XXXXX,XXXXX,XXXXX,XXXXX,XXXXX,XXXXX,XXXXX,XXXXX,XXXXX,XXXXX,XXXXX,XXXXX,XXXXX,XXXXX,XXXXX,XXXXX,XXXXX,XXXXX,XXXXX,XXXXX,XXXXX,XXXXX,XXXXX,XXXXX,XXXXX,XXXXX,XXXXX,XXXXX,XXXXX,XXXXX,XXXXX,XXXXX,XXXXX,XXXXX,XXXXX,XXXXX,XXXXX,XXXXX,XXXXX,XXXXX,XXXXX,XXXXX,XXXXX,XXXXX,XXXXX,XXXXX,XXXXX,XXXXX,XXXXX,XXXXX,XXXXX,XXXXX,XXXXX,XXXXX,XXXXX,XXXXX,XXXXX,XXXXX,XXXXX,XXXXX,XXXXX,XXXXX,XXXXX,XXXXX,XXXXX,XXXXX,XXXXX,XXXXX,XXXXX,XXXXX,XXXXX,XXXXX,XXXXX,XXXXX,0
17,-178,-270,-157,-72,-4,-65,-8,-11,-20,-56,-136,-251,-212,-172,-233,-175,-154,2,-72,-38,-56,-1,-142,-193,-184,-181,-215,-129,-93,-111,-108,-68,-26,-8,-196,-200,-306,-248,-169,-129,-129,-78,-44,2,-4,-20,-145,-175,-224,-321,-178,-111,-44,-75,-50,38,60,-99999,-99999,-99999,-99999,-99999,-99999,-99999,-99999,-154,-64,-38,3,-14,-115,-171,-224,-228,-159,-99999,-119,-76,-56,-73,-11,-61,-160,-251,-99999,-99999,-99999,-99999,-99999,-99999,-99999,-99999,-99999,-99999,-99999,-99999,-99999,-99999,-99999,-99999,-99999,-99999,-99999,-99999,64,-73,-153,-228,-295,-274,-154,-139,-110,-99999,-99999,-99999,-27,-125,-87,-299,-369,-338,-231,-224,-157,-152,-78,-58,-88,-139,-117,-171,-294,-294,-254,-149,-145,-86,-102,-54,46,-2,-183,-272,-333,-259,-156,-114,-96,-54,-47,-18,4,-2,-56,-181,-198,-225,-216,-167,-96,-63,-71,-70,-60,-13,-61,-280,-226,-131,-182,-125,-82,-19,-11,-19,-6,-103,-143,-249,-248,-233,-180,-145,-82,-64,-107,-48,24,-39,-171,-237,-247,-252,-236,-194,-82,-68,-61,-4,-42,-50,-155,-198,-304,-254,-238,-144,-56,-76,-11,17,92,-48,-125,-221,-301,-287,-156,-120,-121,-11,19,22,102,28,-45,-126,-225,-248,-168,-149,-51,8,21,76,88,-43,-93,-281,-274,-259,-133,-88,-70,-11,48,48,42,-72,-91,-153,-201,-174,-89,-53,4,135,63,107,57,-7,-18,-88,-166,-142,-186,-123,-100,-99999,-99999,20,60,31,-91,-113,-234,-135,-103,-43,-26,10,-6,39,85,46,-89,-19,-167,-151,-170,-50,-48,-8,25,97,59,134,36,0
18,-99999,-99999,-99999,-99999,-99999,-99999,-99999,-99999,-99999,-99999,-99999,-99999,-99999,-99999,-99999,-99999,-99999,-99999,-99999,-99999,-99999,-99999,-99999,-99999,-99999,-99999,-99999,-99999,-99999,-99999,-99999,-99999,-99999,-99999,-99999,-99999,-99999,-99999,-99999,-99999,-99999,-99999,-99999,-99999,-99999,-99999,-99999,-99999,-99999,-99999,-99999,-99999,-99999,-99999,-99999,-99999,-99999,-99999,-99999,-99999,-271,-315,-310,-246,-228,-225,-171,-120,-82,-45,-128,-231,-263,-277,-208,-99999,-99999,-139,-135,-121,-67,-99,-189,-266,-260,-168,-211,-189,-128,-168,-172,-127,24,-90,-172,-216,-217,-165,-185,-150,-118,-150,-99999,-58,30,-66,-143,-224,-276,-287,-178,-99999,-99999,-136,-99999,-99999,-41,-92,-106,-277,-372,-360,-247,-99999,-183,-214,-131,-105,-72,-104,-108,-180,-305,-281,-260,-183,-157,-101,-129,-60,34,5,-161,-257,-314,-278,-170,-144,-138,-123,-80,-65,-3,-21,-82,-211,-232,-268,-218,-188,-137,-90,-108,-97,-33,-32,-63,-266,-219,-151,-268,-145,-111,-72,-60,-60,-3,-67,-144,-241,-266,-254,-201,-182,-122,-133,-158,-89,-14,-54,-154,-227,-242,-284,-267,-218,-99,-93,-105,-60,-55,-36,-153,-213,-294,-290,-277,-151,-99999,-99999,-52,-23,85,-22,-109,-222,-307,-295,-168,-160,-122,-40,-32,-19,87,-99999,-29,-117,-222,-213,-99999,-183,-115,-64,-99999,2,53,-54,-99,-259,-283,-288,-176,-154,-118,-81,-21,-7,-13,-73,-87,-156,-226,-175,-127,-75,-40,68,-3,-99999,8,-9,-17,-102,-165,-165,-171,-146,-124,-75,-9,-11,37,33,-99999,-119,-207,-152,-147,-87,-63,-99999,-99999,-7,42,25,-62,-33,-160,-91,-158,-99999,-72,-65,-24,41,56,148,34,0
19,-165,-266,-187,-138,-65,-114,-74,-77,-37,-71,-150,-260,-226,-202,-275,-217,-187,-53,-129,-107,-77,-16,-153,-205,-193,-187,-251,-196,-138,-147,-141,-114,-68,-16,-184,-196,-299,-254,-193,-178,-165,-141,-114,-74,-46,-31,-132,-162,-239,-339,-217,-129,-80,-117,-86,48,63,39,-147,-196,-230,-287,-282,-211,-192,-188,-135,-95,-59,-34,-127,-209,-241,-248,-180,-144,-148,-101,-94,-80,-22,-62,-142,-202,-207,-124,-192,-157,-102,-140,-142,-112,36,-96,-163,-200,-195,-147,-167,-130,-101,-132,-92,-37,43,-64,-140,-209,-261,-269,-162,-142,-130,-101,-47,-66,-21,-87,-90,-251,-353,-329,-222,-228,-165,-190,-98,-82,-49,-97,-96,-154,-274,-270,-253,-162,-140,-75,-101,-48,50,19,-148,-225,-278,-254,-141,-117,-102,-77,-41,-29,29,-4,-63,-183,-194,-229,-198,-175,-122,-67,-79,-65,-17,-18,-47,-251,-200,-119,-195,-131,-86,-44,-29,-33,9,-58,-119,-212,-234,-237,-179,-158,-90,-95,-122,-58,20,-29,-130,-195,-216,-250,-225,-187,-63,-45,-54,-19,-20,-4,-114,-158,-257,-240,-242,-144,-81,-100,-28,-10,86,-27,-107,-205,-295,-290,-159,-146,-107,-22,-11,-7,97,27,-19,-99999,-202,-202,-177,-168,-98,-44,-34,18,65,-44,-88,-245,-255,-264,-170,-140,-112,-71,-8,8,4,-70,-75,-141,-208,-159,-110,-61,-24,95,17,62,17,-2,-1,-74,-141,-147,-168,-134,-113,-57,9,3,44,38,-53,-98,-193,-124,-129,-73,-50,-34,-45,3,45,29,-57,-20,-144,-150,-166,-82,-77,-61,-9,52,60,143,29,0
20,-183,-280,-192,-143,-88,-100,-58,-64,-21,-52,-146,-265,-219,-192,-277,-232,-186,-9,-100,-94,-70,-33,-183,-228,-189,-168,-241,-177,-171,-174,-149,-116,-73,0,-180,-195,-305,-241,-186,-195,-168,-143,-134,-91,-24,-3,-110,-99999,-99999,-289,-99999,-99999,-76,-82,-52,131,146,122,-107,-99999,-99999,-99999,-99999,-99999,-99999,-99999,-99999,-99999,-99999,-99999,-99999,-99999,-260,-246,-186,-141,-99999,-99999,-99999,-99999,-99999,-99999,-99999,-191,-187,-55,-113,-114,-98,-125,-118,-89,26,-106,-137,-198,-191,-139,-167,-114,-93,-105,-56,-6,93,-31,-103,-191,-232,-261,-149,-133,-100,-102,-27,-65,0,-79,-100,-243,-344,-328,-215,-240,-172,-200,-63,-59,43,-94,-85,-148,-251,-249,-252,-159,-143,-28,-36,-25,79,26,-124,-99999,-253,-236,-110,-112,-81,-34,-33,-25,38,1,-79,-186,-177,-203,-198,-169,-139,-75,-73,0,39,27,-40,-236,-185,-106,-161,-103,-48,26,42,23,28,-21,-58,-153,-224,-230,-165,-143,-67,-90,-110,-44,82,-42,-124,-195,-211,-258,-243,-189,-83,-43,-50,-34,-19,-25,-115,-167,-263,-240,-253,-140,-87,-107,-7,60,109,-9,-97,-199,-291,-293,-163,-142,-83,11,10,5,122,28,-26,-79,-193,-173,-99999,-143,-72,-99999,-17,28,50,-47,-94,-229,-240,-99999,-99999,-130,-106,-77,-11,-99999,-99999,-36,-77,-143,-213,-158,-134,-68,-28,88,10,65,32,31,-4,-69,-135,-140,-152,-128,-95,-32,91,84,106,54,-66,-90,-175,-90,-102,-63,-51,-38,-26,28,73,43,-51,-9,-118,-127,-133,-46,-70,-56,9,67,97,149,17,0
